{"entities":{"pages":{"About-Python":{"id":"About-Python","title":"About Python","url":"about-python.html","level":0,"tabIndex":0},"Python-Calculator":{"id":"Python-Calculator","title":"Python Calculator","url":"python-calculator.html","level":0,"pages":["Define-the-functions","Code-the-functions","Code-the-logic","Expand-the-code"],"tabIndex":1},"Define-the-functions":{"id":"Define-the-functions","title":"Define the functions","url":"define-the-functions.html","level":1,"parentId":"Python-Calculator","tabIndex":0},"Code-the-functions":{"id":"Code-the-functions","title":"Code the functions","url":"code-the-functions.html","level":1,"parentId":"Python-Calculator","tabIndex":1},"Code-the-logic":{"id":"Code-the-logic","title":"Code the logic","url":"code-the-logic.html","level":1,"parentId":"Python-Calculator","tabIndex":2},"Expand-the-code":{"id":"Expand-the-code","title":"Expand the code","url":"expand-the-code.html","level":1,"parentId":"Python-Calculator","tabIndex":3}}},"topLevelIds":["About-Python","Python-Calculator"]}